LGA_NAME_2021,Index of Relative Socio-economic Disadvantage Score,Index of Relative Socio-economic Advantage and Disadvantage Score,Index of Economic Resources Score,Index of Education and Occupation Score,M_Mental_health_rate_0_34,M_Mental_health_rate_35_85_over,F_Mental_health_rate_0_34,F_Mental_health_rate_35_85_over,Domestic violence related assault,Non-domestic violence related assault,Assault Police,Sexual assault,"Sexual touching, sexual act and other sexual offences","Intimidation, stalking and harassment",OLG Group,Council Type
Albury,968,950,962,954,0.07198317696538337,0.10908843907077842,0.13085097752900138,0.14390214654035255,0.007220152247160965,0.006061362380332662,0.000730928992922468,0.0013370652309557343,0.0014083753766067067,0.00919900878897545,4,Regional Town/City
Armidale Regional,980,976,955,1010,0.06598680263947211,0.0831518780620577,0.11579249068501003,0.1156679764243615,0.008137618459002884,0.006867188572998215,0.00020601565718994644,0.0025751957148743305,0.001854140914709518,0.0075195714874330445,4,Regional Town/City
Ballina,1015,996,1011,991,0.06736764885682846,0.09494748793641783,0.10581410013873124,0.1195382323733863,0.003175220321410057,0.0027216174183514776,0.00019440124416796267,0.0013176084326939693,0.0009072058061171591,0.003110419906687403,4,Regional Town/City
Balranald,960,934,970,915,0.024691358024691357,0.04451510333863275,0.05555555555555555,0.05069124423963134,0.003170289855072464,0.002717391304347826,0.0,0.0,0.0004528985507246377,0.002717391304347826,9,Rural
Bathurst Regional,991,967,999,959,0.07574267165060004,0.09477822408341167,0.12393117280692495,0.13951586522734707,0.007689306126196433,0.006449835884958799,0.0005508756627722818,0.001767392751394404,0.0019969242775495213,0.009778043014208001,4,Regional Town/City
Bayside (NSW),1004,1044,966,1051,0.028677065280184863,0.05506482890165535,0.05004606954075942,0.07839351226105426,0.0035790939811854963,0.002226230706000548,0.000256872773769294,0.0004909124120924286,0.0005023289798155083,0.00385879989040095,3,Metropolitan
Bega Valley,986,949,987,946,0.06749404964297857,0.09323910081743869,0.10869951965842377,0.12749349522983522,0.0034778253853430525,0.003032663736019142,0.00019475822157921096,0.0009459685048133103,0.0009737911078960547,0.0037560514161704968,4,Regional Town/City
Bellingen,981,960,983,985,0.06588447653429604,0.09095226786986464,0.10634328358208955,0.13063929869574514,0.003772730702482457,0.004074549158681054,7.545461404964914e-05,0.00173545612314193,0.0019618199652908777,0.003999094544631404,11,Large Rural
Berrigan,966,927,974,913,0.06142857142857143,0.09337035751475183,0.09193776520509193,0.1320817968488099,0.002654356607039815,0.00415464512406232,0.0002308136180034622,0.0009232544720138488,0.00103866128101558,0.0051933064050779,10,Large Rural
Blacktown,987,1006,1020,993,0.03700965897890794,0.05763186556713863,0.058605423914254745,0.08614235948214767,0.0053909510655886445,0.00401738008347279,0.00031503921608161785,0.0009804020404459947,0.0009955239228179125,0.006779643930076416,3,Metropolitan
Bland,993,958,1001,939,0.030249110320284697,0.06310679611650485,0.06940639269406393,0.09199522102747909,0.007391382729403281,0.004687218316206959,0.0,0.0012619433928249505,0.001081665765278529,0.007932215612042546,10,Large Rural
Blayney,991,962,1020,942,0.06461932181701856,0.08781609195402298,0.09746588693957114,0.11683079677708147,0.0038682139522475656,0.003601440576230492,0.00013338668800853674,0.0017340269441109778,0.0017340269441109778,0.005202080832332933,10,Large Rural
Blue Mountains,1048,1042,1039,1063,0.08184281842818428,0.09877879785206999,0.12663445139283683,0.13917663697870877,0.0026881376326467915,0.002201712727691658,0.0002304117970840107,0.0011136570192393851,0.0011264576746329413,0.005273870022145134,7,Metropolitan Fringe
Bogan,966,948,989,936,0.025044722719141325,0.041116005873715125,0.08834586466165413,0.08676470588235294,0.006890960680989056,0.0044588569112282124,0.0,0.0016214025131738954,0.002837454398054317,0.008107012565869477,9,Rural
Bourke,947,954,947,980,0.03345724907063197,0.05984251968503937,0.05673758865248227,0.07716535433070866,0.051709401709401706,0.022222222222222223,0.003418803418803419,0.00641025641025641,0.004700854700854701,0.055982905982905985,9,Rural
Brewarrina,818,866,789,917,0.012307692307692308,0.027624309392265192,0.03353658536585366,0.08264462809917356,0.048672566371681415,0.018436578171091445,0.0,0.003687315634218289,0.0029498525073746312,0.06710914454277286,8,Rural
Broken Hill,913,892,919,887,0.07544504097202599,0.11413799960230663,0.12674451723155797,0.1431682090364725,0.013133954969297248,0.008755969979531498,0.002103707073004321,0.0009097111667045713,0.0014782806458949283,0.01682965658403457,4,Regional Town/City
Burwood,977,1050,926,1082,0.028264446810570127,0.05054190363772937,0.04902446271169655,0.06136081687183892,0.002287589825198299,0.0026357013203371707,7.459532038690106e-05,0.0003481114951388716,0.0007459532038690106,0.0028843523882935078,2,Metropolitan
Byron,1021,1027,1009,1052,0.04343267934701213,0.07209411764705882,0.07498608792431831,0.09475043029259897,0.0035441355631852917,0.005593088935651789,0.0005260826226603167,0.0014398050725440248,0.0011352309225827887,0.0067560084173219626,4,Regional Town/City
Cabonne,1023,995,1044,975,0.04460694698354662,0.08544921875,0.09155191663565314,0.11909845788849348,0.0023245677756792097,0.002179282289699259,0.0,0.000726427429899753,0.0009443556588696789,0.004140636350428592,11,Large Rural
Camden,1045,1050,1098,1002,0.040830428091334525,0.06824127363779056,0.074246660453557,0.10802101576182137,0.0027906976744186047,0.0012319296040226274,6.704378797402053e-05,0.0005112088833019065,0.0007123402472239682,0.003679027865074377,7,Metropolitan Fringe
Campbelltown (NSW),947,952,981,949,0.048607899361761166,0.07231914452305778,0.07433163700002303,0.11146030652660582,0.005342201122825305,0.003450053535313479,0.0005098601283714501,0.0010933667197298874,0.0011783434077917959,0.005625456749698333,7,Metropolitan Fringe
Canada Bay,1067,1116,1021,1123,0.03225806451612903,0.05019451962110961,0.05672871369727306,0.06895914217045665,0.0014689886405687565,0.0014129203718447581,0.00011213653744799668,0.000605537302219182,0.0004261188423023874,0.00201845767406394,3,Metropolitan
Canterbury-Bankstown,917,966,949,996,0.025514791342295125,0.053909833904561034,0.042591011682707486,0.07841284837033538,0.0036764904071632265,0.0021212594944556152,0.00021293456170520152,0.0005336840913624038,0.0006280221883204045,0.004525533279785232,3,Metropolitan
Carrathool,973,953,980,941,0.018544935805991442,0.054958183990442055,0.06623586429725363,0.10668563300142248,0.00732728541521284,0.004884856943475227,0.0,0.00209351011863224,0.00104675505931612,0.00628053035589672,9,Rural
Central Coast (NSW),994,978,1005,967,0.07460829232422649,0.09789224758379601,0.1203479377681777,0.13570345071893763,0.0042008563284054055,0.003961384436058119,0.00036353564380431396,0.0013531604519382797,0.0011887038511696616,0.006474396703943496,7,Metropolitan Fringe
Central Darling,827,869,853,929,0.0226628895184136,0.06601941747572816,0.0427807486631016,0.1059322033898305,0.06608695652173913,0.011014492753623189,0.0011594202898550724,0.004057971014492754,0.004057971014492754,0.029565217391304348,9,Rural
Cessnock,939,908,984,876,0.08576169930302024,0.11206133883810085,0.14891702996332434,0.1706876456876457,0.004746039728438522,0.004321724918280111,0.00029859190344480764,0.001367236610510435,0.001760120693990445,0.006427583605732964,4,Regional Town/City
Clarence Valley,940,910,963,901,0.06720977596741344,0.11405188925648616,0.10989611809732094,0.14263401573046244,0.003732791277834242,0.00417629123163633,0.00025870830638455143,0.001071791555021713,0.0010348332255382057,0.005580707752009609,4,Regional Town/City
Cobar,965,937,977,904,0.039361702127659576,0.06720430107526881,0.07258938244853738,0.10102899906454631,0.005173688100517369,0.005666420300566642,0.0,0.0007390983000739098,0.001231830500123183,0.01453559990145356,10,Large Rural
Coffs Harbour,972,954,982,953,0.06980508968464677,0.10509751773049646,0.10514367256924174,0.13484166469241096,0.0065770261176500465,0.006386571693393771,0.00033012100204421084,0.0021203925900532003,0.001675998933455224,0.008354600744041952,5,Regional Town/City
Coolamon,983,951,1006,941,0.059496567505720827,0.10576164167324388,0.10256410256410256,0.1126228269085412,0.002280501710376283,0.0009122006841505131,0.00022805017103762827,0.0015963511972633979,0.0009122006841505131,0.0034207525655644243,9,Rural
Coonamble,883,893,922,919,0.03841536614645858,0.09551656920077972,0.09535452322738386,0.08812260536398467,0.02572347266881029,0.01420150053590568,0.0008038585209003215,0.0034833869239013935,0.0021436227224008574,0.028135048231511254,9,Rural
Cootamundra-Gundagai Regional,953,926,965,918,0.05945692883895131,0.10257134783837242,0.10935910478128179,0.12326943556975506,0.004121722353766553,0.0033324563711304043,0.00017539244058581075,0.0008769622029290538,0.00228010172761554,0.006314127861089187,11,Large Rural
Cowra,932,908,950,908,0.069376026272578,0.1050864962561322,0.1188781917120134,0.1308783279422742,0.006287331027978623,0.005029864822382898,0.00039295818924866394,0.0017290160326941214,0.0023577491354919836,0.008487896887771141,11,Large Rural
Cumberland,904,961,931,995,0.019417475728155338,0.04847809430939611,0.031109880027006907,0.07381104940908444,0.0037419458968140367,0.002828758192143188,0.00022935877233593415,0.0005606547768211723,0.0006073760082229367,0.004226147749523231,3,Metropolitan
Dubbo Regional,985,958,988,944,0.06288262414027662,0.09209958267376601,0.10179920554560325,0.12776922562077506,0.011088452714759113,0.007374094169913695,0.0008921743563599286,0.0020028403918284114,0.0016933105130912931,0.013819598703616038,4,Regional Town/City
Dungog,1009,974,1040,945,0.06079196876742889,0.10023624704691192,0.10736368746486791,0.1267792121813969,0.00293470286133529,0.0028298920448590293,0.00010481081647626035,0.0010481081647626036,0.0010481081647626036,0.004821297557907976,10,Large Rural
Edward River,966,939,971,935,0.07321537522879805,0.09087317265902806,0.11594202898550725,0.11928651059085842,0.0074503311258278145,0.005439924314096499,0.0013008514664143804,0.0015373699148533587,0.0007095553453169347,0.008751182592242194,10,Large Rural
Eurobodalla,985,946,983,941,0.06709991876523153,0.09956993949996355,0.11156532106966445,0.12685560053981107,0.005468923213361909,0.004286453329391767,0.00036952183874066957,0.0012071046732195206,0.0010346611484738748,0.00862217623728229,4,Regional Town/City
Fairfield,814,885,937,919,0.02304849788095785,0.05648916048304962,0.03178543186011774,0.07522175439764349,0.003827797097973378,0.0023456049886077467,0.0002590238637726346,0.00042211296318503416,0.0007578846384458568,0.005170883799016669,3,Metropolitan
Federation,969,925,976,897,0.05555555555555555,0.09316770186335403,0.11121628017037388,0.12322491983508933,0.0022482362973873945,0.003411117140863633,7.752538956508256e-05,0.0009303046747809908,0.0004651523373904954,0.005349251879990697,11,Large Rural
Forbes,969,941,977,938,0.05590386624869383,0.08638743455497382,0.09688934217236105,0.12441059122234313,0.007940766176628394,0.010408842150445326,0.00042923060414207535,0.0020388453696748576,0.001287691812426226,0.01298422577529778,10,Large Rural
Georges River,1011,1048,999,1060,0.02675661768909725,0.04811485642946317,0.04622377837157161,0.06733780760626398,0.00283699121320777,0.002042370989138001,0.00017731195082548563,0.00040059366667980086,0.000597606945374785,0.0029946018361637575,3,Metropolitan
Gilgandra,930,913,955,923,0.03245192307692308,0.09527498063516654,0.06968215158924206,0.11193476649369903,0.011175785797438883,0.004656577415599534,0.0006984866123399302,0.0009313154831199069,0.002561117578579744,0.01629802095459837,9,Rural
Glen Innes Severn,906,891,929,907,0.06435006435006435,0.10031347962382445,0.10317460317460317,0.14790139906728847,0.00727802037845706,0.006158324935617512,0.00011196954428395476,0.002015451797111186,0.002463329974247005,0.013884223491210391,10,Large Rural
Goulburn Mulwaree,972,945,985,926,0.06794450007152053,0.09708419788140221,0.11364350833071361,0.1384373361300472,0.0035878076935076278,0.003650204349046891,0.00021838829438742082,0.0016223130440208406,0.0010607431441674727,0.004242972576669891,4,Regional Town/City
Greater Hume Shire,999,964,1018,956,0.051203501094091906,0.08676339946698253,0.08513640639698965,0.11700236966824644,0.0029577843506318905,0.0014340772609124316,0.0,0.0007170386304562158,0.0014340772609124316,0.0032266738370529714,11,Large Rural
Griffith,974,950,985,920,0.04543340052721352,0.06446650818067404,0.0722812755519215,0.09739555073250136,0.0070516133796057,0.004430333013364838,0.0005168721848925644,0.0012183415786753305,0.0014398582293435724,0.010005168721848926,4,Regional Town/City
Gunnedah,967,940,989,909,0.048224177256435324,0.07287328970850684,0.08435374149659863,0.11161217587373168,0.006961095212313404,0.006883749709954366,0.00023203650707711348,0.001701601051898832,0.0018562920566169078,0.008662696264212236,11,Large Rural
Gwydir,957,936,978,947,0.02912621359223301,0.08032378580323786,0.06798516687268233,0.12439320388349515,0.002240325865580448,0.0036659877800407333,0.0004073319755600815,0.002036659877800407,0.0014256619144602852,0.007739307535641548,10,Large Rural
Hawkesbury,1026,1008,1056,969,0.05903846153846154,0.08383233532934131,0.09556476261631461,0.12806897639451134,0.0036752124034698766,0.003109795110628357,0.000252949841534364,0.0007588495246030919,0.0009820405612510602,0.00555001711131281,6,Metropolitan Fringe
Hay,956,926,950,903,0.05935251798561151,0.06370875995449374,0.09640831758034027,0.11400651465798045,0.008674531575294934,0.007633587786259542,0.0006939625260235947,0.0013879250520471894,0.002081887578070784,0.014226231783483692,9,Rural
Hilltops,954,929,974,927,0.05472636815920398,0.09436968838526912,0.09763157894736842,0.12235019195459856,0.005661161317128909,0.0037914199646826635,0.0001558117793705204,0.0012464942349641633,0.0012984314947543367,0.008517710605588449,11,Large Rural
Hornsby,1082,1116,1082,1121,0.047579723033921995,0.05619418471797981,0.07948880934060419,0.07437860116919712,0.001580913109063243,0.0010737034865721193,0.00010539420727088287,0.000553319588172135,0.0004874482086278333,0.0018048757995138692,7,Metropolitan Fringe
Hunters Hill,1101,1156,1088,1163,0.044626255113425065,0.052104722792607805,0.06855691917054592,0.06824090121317157,0.0012537797772697102,0.0013275315288738107,0.0,0.0008112692676451066,0.0008112692676451066,0.0015487867836861124,2,Metropolitan
Inner West,1057,1118,993,1141,0.07603144402163028,0.08644508553086018,0.13957545083779666,0.11457388939256573,0.002510693695369165,0.002833419028760844,0.0003391350961065103,0.0007603190057871764,0.0007876686103118949,0.002899058079620169,3,Metropolitan
Inverell,928,906,950,899,0.05350454788657036,0.09425742574257426,0.07855395487904322,0.1164256581386726,0.010866521032879628,0.005881364476558562,0.0009522209152523386,0.0021284938105640507,0.0019044418305046772,0.013107040833473365,11,Large Rural
Junee,934,918,977,904,0.04931862426995458,0.06948356807511737,0.09225092250922509,0.12130356065178033,0.0056118472330475445,0.003897116134060795,0.0001558846453624318,0.002338269680436477,0.002494154325798909,0.00779423226812159,10,Large Rural
Kempsey,903,881,943,882,0.07585853408508457,0.10688216892596454,0.11415441176470588,0.14438557163236193,0.00843978102189781,0.005800312825860271,0.0005539624608967674,0.0022158498435870698,0.0017270594369134516,0.010003910323253389,4,Regional Town/City
Kiama,1070,1061,1062,1058,0.04532163742690058,0.07371524852569503,0.0898876404494382,0.09657085224407463,0.0016468752708676433,0.0015168588021149346,0.00030337176042298693,0.0007800988125162521,0.0006500823437635434,0.002253618791713617,4,Regional Town/City
Ku-ring-gai,1108,1165,1117,1174,0.03993515479814954,0.039147040101845956,0.06990443236117977,0.05702193729339878,0.0011847577291337567,0.0005722299235952159,7.25361874979851e-05,0.0004110383958219156,0.0004916341597085657,0.001321770527741062,3,Metropolitan
Kyogle,921,906,950,929,0.06769436997319035,0.10408098702942106,0.08210947930574099,0.12391304347826088,0.0034191687146062615,0.0037397157816005983,0.0,0.0010684902233144566,0.0007479431563201197,0.004594507960252164,10,Large Rural
Lachlan,950,936,957,944,0.054826254826254826,0.06289308176100629,0.06279069767441861,0.10034013605442177,0.006071545782737118,0.006399737446668855,0.00016409583196586806,0.0016409583196586807,0.0014768624876928126,0.011322612405644897,10,Large Rural
Lake Macquarie,1004,981,1011,963,0.0800561797752809,0.10982966348151225,0.13265067564408287,0.14700816295963454,0.0038158479272370175,0.0032921040940868387,0.00019640393743131708,0.0013748275620192195,0.0010287825294021371,0.004863335593537375,5,Regional Town/City
Lane Cove,1105,1162,1058,1180,0.047820284697508895,0.05862403100775194,0.07810320781032078,0.07135425697936536,0.0009128251939753537,0.0008874689385871495,5.071251077640854e-05,0.00045641259698767686,0.00022820629849383843,0.0015720878340686648,2,Metropolitan
Leeton,949,922,979,896,0.0571643474990598,0.09060514877967235,0.09735849056603774,0.12420785804816223,0.008732099196646874,0.004453370590289905,0.0004366049598323437,0.00209570380719525,0.002008382815228781,0.011002444987775062,11,Large Rural
Lismore,966,945,970,959,0.08591533310634435,0.11722007722007723,0.12947853848882582,0.1513004039401885,0.006315694500834574,0.007511165245635404,0.0007894618126043217,0.0018947083502503723,0.0016691478323634231,0.008661523886858844,4,Regional Town/City
Lithgow,935,912,960,889,0.06772616136919316,0.09394409937888198,0.11859838274932614,0.1368596544407396,0.007149026005181845,0.005421744554265425,0.00014394012090970156,0.001967181652432588,0.001919201612129354,0.008252566932156223,4,Regional Town/City
Liverpool,931,968,999,976,0.029152417353986455,0.054371681415929206,0.04344756328568968,0.08008983299842962,0.004741996007642024,0.0027972207705422238,0.0002912879209753005,0.0007367870942316425,0.0009381184513763354,0.00434790058514603,3,Metropolitan
Liverpool Plains,926,905,951,896,0.05444521019986216,0.08042553191489361,0.08705193855157278,0.10429703796412182,0.006356773937226857,0.0055621771950735005,0.00013243279035889287,0.0018540590650245,0.0014567606939478214,0.010064892067275857,10,Large Rural
Lockhart,976,950,1002,961,0.056179775280898875,0.09411764705882353,0.06948640483383686,0.15053763440860216,0.0027116601385959627,0.0027116601385959627,0.0,0.0015064778547755348,0.0006025911419102139,0.00391684242241639,9,Rural
Maitland,988,963,1015,934,0.0871049596309112,0.11795655888833925,0.14737525505472082,0.1686537606595805,0.004987475893866513,0.003712898720989515,0.00035466495245272984,0.0017068250836787622,0.0012191607740562587,0.006162303548866181,5,Regional Town/City
Mid-Coast,943,912,963,905,0.08503265360522458,0.10484801247077163,0.11719753837830527,0.13402477672140595,0.005674111349258121,0.00435912568984976,0.00036239762267159525,0.0015738411041737851,0.0017084459354518064,0.006605990950413651,5,Regional Town/City
Mid-Western Regional,979,949,1002,919,0.05665930831493746,0.0881450860114682,0.09607919254658386,0.1177319858249114,0.006261424182320227,0.00466690001166725,0.00011667250029168125,0.002333450005833625,0.002411231672694746,0.0093338000233345,4,Regional Town/City
Moree Plains,940,932,946,927,0.030949105914718018,0.06221330275229358,0.06009030913511636,0.08894645941278066,0.019449454944710218,0.01513606775939142,0.0021959062034350245,0.0024311818680887772,0.0021959062034350245,0.021174809818837736,11,Large Rural
Mosman,1110,1169,1065,1185,0.03584648353789207,0.0442388135378375,0.08387576715640692,0.06778124685265384,0.0008824879099156342,0.0009530869427088849,0.0,0.000776589360725758,0.0006353912951392566,0.002576864696953652,2,Metropolitan
Murray River,998,965,1007,940,0.05,0.06859903381642513,0.08444240477283158,0.10340775558166862,0.0029571984435797665,0.0026459143968871595,0.000311284046692607,0.0017120622568093384,0.0007003891050583658,0.003346303501945525,11,Large Rural
Murrumbidgee,983,951,988,937,0.0458970792767733,0.07432432432432433,0.09555189456342669,0.10230692076228685,0.0026841634357291978,0.0029824038174768863,0.00029824038174768865,0.0023859230539815092,0.0020876826722338203,0.007157769161944528,9,Rural
Muswellbrook,937,908,972,862,0.06893131663773866,0.09410689812699863,0.11642525280131183,0.14674418604651163,0.007886531760102709,0.007458580424283182,0.0005502231460536774,0.0020174848688634837,0.0020174848688634837,0.013266491410405331,11,Large Rural
Nambucca Valley,920,898,946,906,0.07790663098424026,0.11236125893264406,0.09444779722389861,0.14203990512069206,0.008967511148135444,0.005439310040672318,4.900279315921007e-05,0.0016660949674131426,0.002009114519527613,0.008918508354976235,11,Large Rural
Narrabri,964,936,975,912,0.041562164098889284,0.07011686143572621,0.0744563214154073,0.10618729096989966,0.009131701172951272,0.004723293710147209,0.0006297724946862945,0.001259544989372589,0.0007084940565220814,0.007399826812563961,11,Large Rural
Narrandera,929,910,950,907,0.06324786324786325,0.08002406738868832,0.09032846715328467,0.10331274564851207,0.00895050895050895,0.006142506142506142,0.000702000702000702,0.0019305019305019305,0.001404001404001404,0.011407511407511407,10,Large Rural
Narromine,958,934,980,929,0.052521008403361345,0.07158712541620421,0.08018154311649017,0.09381898454746136,0.013050314465408806,0.010691823899371069,0.0007861635220125787,0.00220125786163522,0.0018867924528301887,0.018081761006289308,10,Large Rural
Newcastle,1012,1012,976,1023,0.0814603910501915,0.11497943907961003,0.14921175529581754,0.15150165436497837,0.003991164958282259,0.006324279192055568,0.00035529658382334655,0.0014863240423276664,0.001142870677965098,0.005720274999555879,5,Regional Town/City
North Sydney,1096,1164,985,1193,0.04709961713501409,0.060695661523574,0.09560534538926933,0.07332184282852751,0.0012327773749093547,0.0016098622189992748,8.70195794053662e-05,0.0005366207396664249,0.00039158810732414795,0.0019289340101522842,3,Metropolitan
Northern Beaches,1089,1125,1087,1109,0.039228942079298376,0.05559074430952927,0.0727640508913549,0.07714803122629274,0.0011269037844236856,0.0019047329958945794,0.00011382866509330157,0.0006336462356860454,0.0005881147696487248,0.001908527284731023,3,Metropolitan
Oberon,978,948,1007,928,0.04875717017208413,0.07708779443254818,0.07724425887265135,0.09988179669030733,0.0023297491039426525,0.0025089605734767025,0.00017921146953405018,0.002150537634408602,0.0014336917562724014,0.006810035842293907,10,Large Rural
Orange,997,979,994,972,0.07835712205068453,0.11548001837390905,0.1308067243608873,0.1513350700097688,0.007308328736900165,0.006480970766685052,0.0005056076484647913,0.0019764662621805477,0.0022522522522522522,0.009790402647545505,4,Regional Town/City
Parkes,946,922,959,914,0.071875,0.09047136340598073,0.10861670518322879,0.13263107493416326,0.008077431933709352,0.006684771255483601,0.0004874312373790126,0.0018104588816934754,0.0025067892208063504,0.010375322052781839,11,Large Rural
Parramatta,1029,1070,983,1097,0.03043335470653551,0.05011421163106557,0.051856332455982604,0.06964146764829114,0.0032290859232887597,0.002714925076637232,0.00023370947575069431,0.0007478703224022218,0.0008062976913398954,0.0039808514036201595,3,Metropolitan
Penrith,991,981,1015,949,0.057397794239899505,0.08112353667202753,0.0965919753781481,0.11966970667981267,0.005136356953837106,0.004346148191708321,0.00042726403998823875,0.0010980226403998824,0.0012404439870626286,0.006762716847985887,7,Metropolitan Fringe
Port Macquarie-Hastings,985,958,991,954,0.07692307692307693,0.1044922983764145,0.13043765265033996,0.1296863554638077,0.004460478089486181,0.003964869412876605,0.0003572992784859731,0.0015329291625365944,0.0010718978354579195,0.005993407252022775,5,Regional Town/City
Port Stephens,982,952,1004,928,0.0847922379244885,0.10444950512393798,0.12767360093759156,0.13758293645947817,0.004676125192624475,0.0036266539135979595,0.00018598225197938255,0.0017004091609543546,0.0014214357829852808,0.00452999628035496,5,Regional Town/City
Queanbeyan-Palerang Regional,1061,1062,1061,1046,0.06002475247524752,0.08986361534905224,0.1098963915684173,0.12792896018332856,0.0029066093769745988,0.00262226715531404,0.00011057753064577277,0.0010899785163654746,0.0009636041956274486,0.0038070264122330344,4,Regional Town/City
Randwick,1059,1113,995,1122,0.03930473421112817,0.05822981366459627,0.07663830616353835,0.08130124027748581,0.0028900872985132436,0.003538122337097399,0.0006033429669576617,0.0007076244674194798,0.0005437535381223371,0.003664749873372464,3,Metropolitan
Richmond Valley,924,892,961,871,0.07496740547588006,0.1040421292342727,0.10803746460466129,0.13115646258503402,0.005983450031826862,0.005304476978569913,0.0002121790791427965,0.001952047528113728,0.001400381922342457,0.006577551453426692,4,Regional Town/City
Ryde,1055,1099,1007,1120,0.037115197802565905,0.05263316461798024,0.0660917581293885,0.07033056726975921,0.002199453234512829,0.0015256770676022088,6.195642914120644e-05,0.0004027167894178419,0.0006118197377694137,0.002145241359014273,3,Metropolitan
Shellharbour,983,962,1014,928,0.06773565996580794,0.09602127240496357,0.11572629051620648,0.13853859225471782,0.0031073409290556043,0.0023468946257424184,0.00035400086533544857,0.0010226691665246293,0.0008522243054371911,0.004602011249360832,5,Regional Town/City
Shoalhaven,980,949,992,939,0.07570644235128192,0.10280401416765053,0.1158113730929265,0.1401120230700976,0.004137066828832315,0.004247634316462578,0.00039620016400844,0.0015479448268236726,0.0013728796380757572,0.006228635136504778,5,Regional Town/City
Singleton,998,965,1032,906,0.058079169370538614,0.08294859956909818,0.10621427254287295,0.13579676674364896,0.0036619603694511126,0.0032550758839565447,0.00020344224274728405,0.001505472596329902,0.0009765227651869634,0.005492940554176669,4,Regional Town/City
Snowy Monaro Regional,1020,991,1006,973,0.06382513661202185,0.07734303912647862,0.09119496855345911,0.11733165115912317,0.0027693159789531985,0.0026770054463214252,0.0002307763315794332,0.0013385027231607126,0.0010154158589495061,0.003923197636850365,4,Regional Town/City
Snowy Valleys,952,923,976,908,0.051478260869565216,0.07487556805886172,0.08500881834215168,0.1090472027972028,0.003424887515949231,0.0032905782015982808,6.715465717547512e-05,0.0019474850580887785,0.0014102478006849774,0.006849775031898462,11,Large Rural
Strathfield,1011,1066,961,1098,0.0221865197766047,0.039836766420520794,0.041786869481598043,0.060066740823136816,0.002719715745838177,0.0022152523413681924,0.00013159914899216985,0.0002631982979843397,0.00046059702147259446,0.0030048472353212115,2,Metropolitan
Sutherland Shire,1079,1090,1078,1064,0.04597795353030365,0.06316070140217699,0.07865645356362325,0.09082402313843362,0.002927748891234563,0.001959072329297905,0.00020850437207605197,0.00047782251934095244,0.0004951978836806234,0.0037530786973689356,3,Metropolitan
Sydney,1031,1126,887,1158,0.056563271439304494,0.08476218330713267,0.10174629683415626,0.09836029876096945,0.004791335903833069,0.009592122174340365,0.0015026083012020866,0.0014600816511680652,0.0013939290844484766,0.00688459212217434,1,Metropolitan
Tamworth Regional,961,937,976,923,0.0690185120502969,0.1002350672051112,0.11730141458106638,0.13647494150296566,0.006437291897891232,0.006072617726335818,0.0004280957666085302,0.0016172506738544475,0.0015855398763278896,0.00791184398287617,4,Regional Town/City
Temora,972,939,980,924,0.06493506493506493,0.0952914798206278,0.08039747064137308,0.118,0.002651640702684786,0.0018230029830957905,0.0,0.002651640702684786,0.0008286377195889957,0.003646005966191581,10,Large Rural
Tenterfield,920,903,935,925,0.06288659793814433,0.10736842105263159,0.09871668311944719,0.12963717896453322,0.009838472834067549,0.004405286343612335,0.0004405286343612335,0.0016152716593245229,0.0019089574155653451,0.01013215859030837,10,Large Rural
The Hills Shire,1098,1136,1132,1112,0.03539041064037576,0.043348628293740685,0.05821100585725649,0.06263456293957227,0.0017459192395088495,0.001313348204048448,6.77520898913882e-05,0.0005680752152431779,0.000437782734682816,0.0029498217598865934,7,Metropolitan Fringe
Tweed,989,967,995,960,0.0599383756758328,0.094295653348644,0.08618758474326475,0.11724466123371602,0.0037066699523574833,0.003028996221455561,0.0003285690816494168,0.0009651716773451619,0.0009446361097420733,0.0041071135206177094,5,Regional Town/City
Upper Hunter Shire,975,943,999,912,0.047325102880658436,0.0759493670886076,0.08217270194986072,0.11275894538606403,0.004708693513247593,0.002108370229812355,0.00028111603064164735,0.0024597652681144144,0.0018975332068311196,0.0049898095438892405,11,Large Rural
Upper Lachlan Shire,1022,995,1038,988,0.0488135593220339,0.07921486154924641,0.07520891364902507,0.11927927927927928,0.001526896875734085,0.0009396288466055908,0.0,0.0007047216349541931,0.0004698144233027954,0.0014094432699083862,10,Large Rural
Uralla,990,963,1002,977,0.05390334572490706,0.0978021978021978,0.10761154855643044,0.13587236232629954,0.0035169988276670576,0.002512142019762184,0.0,0.0010048568079048736,0.0005024284039524368,0.0036844749623178696,10,Large Rural
Wagga Wagga,989,971,988,970,0.06752450243521135,0.09363664309867814,0.11691437511282267,0.1310443806579819,0.006803827892736174,0.0055318078953985415,0.0009466195329024242,0.0016122113919744413,0.0017749116241920454,0.008046266029670606,4,Regional Town/City
Walcha,992,970,999,978,0.03165735567970205,0.06878850102669405,0.05436893203883495,0.09859154929577464,0.004973474801061008,0.0016578249336870027,0.0003315649867374005,0.0016578249336870027,0.001326259946949602,0.008952254641909815,9,Rural
Walgett,888,896,899,928,0.02480916030534351,0.07372986369268897,0.05810684161199625,0.08338762214983714,0.025128498001142203,0.01237388159147154,0.001332571863696935,0.00266514372739387,0.00266514372739387,0.03083952027412907,10,Large Rural
Warren,962,952,973,955,0.04609218436873747,0.0639686684073107,0.07100591715976332,0.07345360824742268,0.014901960784313726,0.008627450980392156,0.001176470588235294,0.001568627450980392,0.001176470588235294,0.01568627450980392,9,Rural
Warrumbungle Shire,927,914,952,929,0.05452366686638706,0.07590647238224331,0.07463630613535736,0.10802775024777007,0.005636856368563686,0.004986449864498645,0.00010840108401084011,0.0016260162601626016,0.001084010840108401,0.011382113821138212,10,Large Rural
Waverley,1092,1163,1009,1170,0.03338741887169246,0.05387381118070053,0.06688084112149532,0.07531311799604483,0.002769477443335034,0.003673201661686466,0.0003935573208949785,0.000859995627140879,0.0009183004154216165,0.0030901537788790906,3,Metropolitan
Weddin,961,942,978,951,0.05950413223140496,0.10311750599520383,0.08231173380035026,0.11528822055137844,0.0041574279379157425,0.0008314855875831486,0.0,0.0024944567627494456,0.0005543237250554324,0.0066518847006651885,9,Rural
Wentworth,974,949,989,941,0.03514376996805112,0.08268398268398268,0.07465753424657534,0.12734962406015038,0.010063061854286865,0.005769488796457802,0.0002683483161143164,0.0010733932644572655,0.0014759157386287402,0.00966053938011539,10,Large Rural
Willoughby,1075,1142,1034,1162,0.03539213229766976,0.04766798805853276,0.06379081664877155,0.06167137114019331,0.0012167219922500098,0.0016663801198206658,0.00018515334664674063,0.0005025590837554389,0.0007009376694483753,0.0019573353788369724,3,Metropolitan
Wingecarribee,1045,1031,1055,1020,0.055673834362358954,0.07870603015075377,0.09719082983532451,0.10608907061553763,0.0023335673224686485,0.0018023487449961106,0.00011383255231554384,0.0011572976152080289,0.0009675766946821226,0.003168339372782637,4,Regional Town/City
Wollondilly,1041,1020,1093,960,0.05184037194885703,0.07427882911616698,0.08959490362626593,0.11052057781411828,0.0027056577898852876,0.0015196160189766684,9.265951335223588e-05,0.0007042123014769926,0.0008524675228405701,0.0036322529234076462,6,Metropolitan Fringe
Wollongong,1000,1000,993,999,0.06350618714563588,0.08895443201452033,0.11818961818961819,0.12986283789203498,0.0030387203817975055,0.0032997147704181503,0.000382170354765944,0.0008761954475121642,0.0009134803601722563,0.0036446002125240023,5,Regional Town/City
Woollahra,1110,1176,1043,1193,0.03681630298952225,0.04831050856788934,0.0741608118657299,0.05978739648793093,0.0019066846119336026,0.001831912666367579,0.00011215791834903544,0.0009907282787498131,0.0006542545237027068,0.002579632122027815,2,Metropolitan
Yass Valley,1065,1062,1094,1047,0.06285551763367463,0.09045427256353812,0.11003804506877378,0.12495330593948449,0.002083212777038366,0.0016781436259475724,0.0001157340431687981,0.0006365372374283895,0.0003472021295063943,0.0026040159712979573,11,Large Rural
